Date,Median income,Population,property_type,price
2005-01-01,4487.5,10691670.33333333,One_storey,207700
2005-02-01,4487.5,10691670.33333333,One_storey,208400
2005-03-01,4487.5,10691670.33333333,One_storey,209200
2005-04-01,4487.5,10713523.0,One_storey,210100
2005-05-01,4487.5,10713523.0,One_storey,210600
2005-06-01,4487.5,10713523.0,One_storey,211400
2005-07-01,4487.5,10747577.33333333,One_storey,213600
2005-08-01,4487.5,10747577.33333333,One_storey,215900
2005-09-01,4487.5,10747577.33333333,One_storey,218400
2005-10-01,4487.5,10784437.0,One_storey,221000
2005-11-01,4487.5,10784437.0,One_storey,223700
2005-12-01,4487.5,10784437.0,One_storey,226100
2006-01-01,4591.666666666667,10798303.0,One_storey,229000
2006-02-01,4591.666666666667,10798303.0,One_storey,231600
2006-03-01,4591.666666666667,10798303.0,One_storey,234400
2006-04-01,4591.666666666667,10823390.33333333,One_storey,237500
2006-05-01,4591.666666666667,10823390.33333333,One_storey,240800
2006-06-01,4591.666666666667,10823390.33333333,One_storey,243900
2006-07-01,4591.666666666667,10857064.33333333,One_storey,246600
2006-08-01,4591.666666666667,10857064.33333333,One_storey,249400
2006-09-01,4591.666666666667,10857064.33333333,One_storey,252000
2006-10-01,4591.666666666667,10893613.0,One_storey,253900
2006-11-01,4591.666666666667,10893613.0,One_storey,256200
2006-12-01,4591.666666666667,10893613.0,One_storey,259300
2007-01-01,4732.5,10905949.33333333,One_storey,261500
2007-02-01,4732.5,10905949.33333333,One_storey,264700
2007-03-01,4732.5,10905949.33333333,One_storey,267400
2007-04-01,4732.5,10928654.66666667,One_storey,269800
2007-05-01,4732.5,10928654.66666667,One_storey,273400
2007-06-01,4732.5,10928654.66666667,One_storey,276600
2007-07-01,4732.5,10962962.0,One_storey,279000
2007-08-01,4732.5,10962962.0,One_storey,280700
2007-09-01,4732.5,10962962.0,One_storey,282800
2007-10-01,4732.5,11000639.33333333,One_storey,284400
2007-11-01,4732.5,11000639.33333333,One_storey,286000
2007-12-01,4732.5,11000639.33333333,One_storey,287000
2008-01-01,4784.166666666667,11016754.0,One_storey,288500
2008-02-01,4784.166666666667,11016754.0,One_storey,289000
2008-03-01,4784.166666666667,11016754.0,One_storey,289000
2008-04-01,4784.166666666667,11042464.66666667,One_storey,287700
2008-05-01,4784.166666666667,11042464.66666667,One_storey,285900
2008-06-01,4784.166666666667,11042464.66666667,One_storey,284300
2008-07-01,4784.166666666667,11082432.66666667,One_storey,281900
2008-08-01,4784.166666666667,11082432.66666667,One_storey,280400
2008-09-01,4784.166666666667,11082432.66666667,One_storey,278800
2008-10-01,4784.166666666667,11124326.0,One_storey,275000
2008-11-01,4784.166666666667,11124326.0,One_storey,271500
2008-12-01,4784.166666666667,11124326.0,One_storey,268400
2009-01-01,4807.5,11142584.66666667,One_storey,265700
2009-02-01,4807.5,11142584.66666667,One_storey,263200
2009-03-01,4807.5,11142584.66666667,One_storey,260000
2009-04-01,4807.5,11170768.33333333,One_storey,261500
2009-05-01,4807.5,11170768.33333333,One_storey,263000
2009-06-01,4807.5,11170768.33333333,One_storey,265400
2009-07-01,4807.5,11210023.0,One_storey,268800
2009-08-01,4807.5,11210023.0,One_storey,271900
2009-09-01,4807.5,11210023.0,One_storey,275200
2009-10-01,4807.5,11252860.33333333,One_storey,278700
2009-11-01,4807.5,11252860.33333333,One_storey,281700
2009-12-01,4807.5,11252860.33333333,One_storey,284800
2010-01-01,4783.333333333333,11269672.0,One_storey,285800
2010-02-01,4783.333333333333,11269672.0,One_storey,287000
2010-03-01,4783.333333333333,11269672.0,One_storey,287700
2010-04-01,4783.333333333333,11296820.33333333,One_storey,288400
2010-05-01,4783.333333333333,11296820.33333333,One_storey,287800
2010-06-01,4783.333333333333,11296820.33333333,One_storey,286400
2010-07-01,4783.333333333333,11335300.66666667,One_storey,285900
2010-08-01,4783.333333333333,11335300.66666667,One_storey,285200
2010-09-01,4783.333333333333,11335300.66666667,One_storey,284900
2010-10-01,4783.333333333333,11377510.33333333,One_storey,285700
2010-11-01,4783.333333333333,11377510.33333333,One_storey,286400
2010-12-01,4783.333333333333,11377510.33333333,One_storey,287100
2011-01-01,4770.0,11388877.66666667,One_storey,288400
2011-02-01,4770.0,11388877.66666667,One_storey,290400
2011-03-01,4770.0,11388877.66666667,One_storey,292100
2011-04-01,4770.0,11410185.0,One_storey,293400
2011-05-01,4770.0,11410185.0,One_storey,295500
2011-06-01,4770.0,11410185.0,One_storey,297300
2011-07-01,4770.0,11446407.0,One_storey,298600
2011-08-01,4770.0,11446407.0,One_storey,300000
2011-09-01,4770.0,11446407.0,One_storey,301500
2011-10-01,4770.0,11485904.33333333,One_storey,302800
2011-11-01,4770.0,11485904.33333333,One_storey,305000
2011-12-01,4770.0,11485904.33333333,One_storey,306900
2012-01-01,4835.0,11505344.0,One_storey,309100
2012-02-01,4835.0,11505344.0,One_storey,308400
2012-03-01,4835.0,11505344.0,One_storey,310600
2012-04-01,4835.0,11530730.66666667,One_storey,312000
2012-05-01,4835.0,11530730.66666667,One_storey,313400
2012-06-01,4835.0,11530730.66666667,One_storey,312600
2012-07-01,4835.0,11571131.66666667,One_storey,312500
2012-08-01,4835.0,11571131.66666667,One_storey,312700
2012-09-01,4835.0,11571131.66666667,One_storey,312500
2012-10-01,4835.0,11611657.66666667,One_storey,312500
2012-11-01,4835.0,11611657.66666667,One_storey,312500
2012-12-01,4835.0,11611657.66666667,One_storey,313700
2013-01-01,4894.166666666667,11627264.66666667,One_storey,313000
2013-02-01,4894.166666666667,11627264.66666667,One_storey,313500
2013-03-01,4894.166666666667,11627264.66666667,One_storey,314600
2013-04-01,4894.166666666667,11652189.0,One_storey,314700
2013-05-01,4894.166666666667,11652189.0,One_storey,315300
2013-06-01,4894.166666666667,11652189.0,One_storey,316400
2013-07-01,4894.166666666667,11693664.0,One_storey,318000
2013-08-01,4894.166666666667,11693664.0,One_storey,319300
2013-09-01,4894.166666666667,11693664.0,One_storey,321900
2013-10-01,4894.166666666667,11736532.33333333,One_storey,323300
2013-11-01,4894.166666666667,11736532.33333333,One_storey,325100
2013-12-01,4894.166666666667,11736532.33333333,One_storey,326700
2014-01-01,4910.833333333333,11749007.66666667,One_storey,328400
2014-02-01,4910.833333333333,11749007.66666667,One_storey,329500
2014-03-01,4910.833333333333,11749007.66666667,One_storey,329400
2014-04-01,4910.833333333333,11773513.33333333,One_storey,330100
2014-05-01,4910.833333333333,11773513.33333333,One_storey,330900
2014-06-01,4910.833333333333,11773513.33333333,One_storey,332400
2014-07-01,4910.833333333333,11811355.33333333,One_storey,333600
2014-08-01,4910.833333333333,11811355.33333333,One_storey,335000
2014-09-01,4910.833333333333,11811355.33333333,One_storey,336700
2014-10-01,4910.833333333333,11851768.33333333,One_storey,338400
2014-11-01,4910.833333333333,11851768.33333333,One_storey,340200
2014-12-01,4910.833333333333,11851768.33333333,One_storey,341800
2015-01-01,4960.0,11857014.33333333,One_storey,343500
2015-02-01,4960.0,11857014.33333333,One_storey,344400
2015-03-01,4960.0,11857014.33333333,One_storey,345000
2015-04-01,4960.0,11868911.33333333,One_storey,346900
2015-05-01,4960.0,11868911.33333333,One_storey,348400
2015-06-01,4960.0,11868911.33333333,One_storey,351300
2015-07-01,4960.0,11901499.33333333,One_storey,354400
2015-08-01,4960.0,11901499.33333333,One_storey,358400
2015-09-01,4960.0,11901499.33333333,One_storey,361500
2015-10-01,4960.0,11941197.0,One_storey,364600
2015-11-01,4960.0,11941197.0,One_storey,367600
2015-12-01,4960.0,11941197.0,One_storey,371000
2016-01-01,4967.5,11957161.33333333,One_storey,374400
2016-02-01,4967.5,11957161.33333333,One_storey,379500
2016-03-01,4967.5,11957161.33333333,One_storey,385300
2016-04-01,4967.5,11990135.66666667,One_storey,391900
2016-05-01,4967.5,11990135.66666667,One_storey,399400
2016-06-01,4967.5,11990135.66666667,One_storey,405500
2016-07-01,4967.5,12036934.33333333,One_storey,410100
2016-08-01,4967.5,12036934.33333333,One_storey,413700
2016-09-01,4967.5,12036934.33333333,One_storey,416200
2016-10-01,4967.5,12085807.0,One_storey,419500
2016-11-01,4967.5,12085807.0,One_storey,422200
2016-12-01,4967.5,12085807.0,One_storey,424700
2017-01-01,5033.333333333333,12104356.0,One_storey,429200
2017-02-01,5033.333333333333,12104356.0,One_storey,439800
2017-03-01,5033.333333333333,12104356.0,One_storey,450900
2017-04-01,5033.333333333333,12132380.33333333,One_storey,456000
2017-05-01,5033.333333333333,12132380.33333333,One_storey,453700
2017-06-01,5033.333333333333,12132380.33333333,One_storey,450200
2017-07-01,5033.333333333333,12181691.66666667,One_storey,446900
2017-08-01,5033.333333333333,12181691.66666667,One_storey,444300
2017-09-01,5033.333333333333,12181691.66666667,One_storey,444800
2017-10-01,5033.333333333333,12240691.66666667,One_storey,445000
2017-11-01,5033.333333333333,12240691.66666667,One_storey,446400
2017-12-01,5033.333333333333,12240691.66666667,One_storey,449400
2018-01-01,5047.5,12267193.0,One_storey,447300
2018-02-01,5047.5,12267193.0,One_storey,446700
2018-03-01,5047.5,12267193.0,One_storey,445800
2018-04-01,5047.5,12301223.66666667,One_storey,445200
2018-05-01,5047.5,12301223.66666667,One_storey,443900
2018-06-01,5047.5,12301223.66666667,One_storey,442500
2018-07-01,5047.5,12357540.0,One_storey,442400
2018-08-01,5047.5,12357540.0,One_storey,443100
2018-09-01,5047.5,12357540.0,One_storey,441900
2018-10-01,5047.5,12419828.33333333,One_storey,441900
2018-11-01,5047.5,12419828.33333333,One_storey,439800
2018-12-01,5047.5,12419828.33333333,One_storey,436900
2019-01-01,5063.333333333333,12445652.0,One_storey,433900
2019-02-01,5063.333333333333,12445652.0,One_storey,428300
2019-03-01,5063.333333333333,12445652.0,One_storey,427200
2019-04-01,5063.333333333333,12479081.0,One_storey,426600
2019-05-01,5063.333333333333,12479081.0,One_storey,427600
2019-06-01,5063.333333333333,12479081.0,One_storey,430400
2019-07-01,5063.333333333333,12539498.33333333,One_storey,431900
2019-08-01,5063.333333333333,12539498.33333333,One_storey,433500
2019-09-01,5063.333333333333,12539498.33333333,One_storey,435600
2019-10-01,5063.333333333333,12609387.33333333,One_storey,438000
2019-11-01,5063.333333333333,12609387.33333333,One_storey,439700
2019-12-01,5063.333333333333,12609387.33333333,One_storey,441300
2020-01-01,5430.833333333333,12642736.0,One_storey,442400
2020-02-01,5430.833333333333,12642736.0,One_storey,443500
2020-03-01,5430.833333333333,12642736.0,One_storey,443300
2020-04-01,5430.833333333333,12668980.33333333,One_storey,435400
2020-05-01,5430.833333333333,12668980.33333333,One_storey,439100
2020-06-01,5430.833333333333,12668980.33333333,One_storey,449800
2020-07-01,5430.833333333333,12676212.66666667,One_storey,463200
2020-08-01,5430.833333333333,12676212.66666667,One_storey,474500
2020-09-01,5430.833333333333,12676212.66666667,One_storey,485200
2020-10-01,5430.833333333333,12675802.0,One_storey,492100
2020-11-01,5430.833333333333,12675802.0,One_storey,501100
2020-12-01,5430.833333333333,12675802.0,One_storey,509900
2021-01-01,5276.666666666667,12686097.0,One_storey,521600
2021-02-01,5276.666666666667,12686097.0,One_storey,539000
2021-03-01,5276.666666666667,12686097.0,One_storey,558000
2021-04-01,5276.666666666667,12713639.33333333,One_storey,568400
2021-05-01,5276.666666666667,12713639.33333333,One_storey,578300
2021-06-01,5276.666666666667,12713639.33333333,One_storey,587700
2021-07-01,5276.666666666667,12746621.33333333,One_storey,593600
2021-08-01,5276.666666666667,12746621.33333333,One_storey,603300
2021-09-01,5276.666666666667,12746621.33333333,One_storey,613300
2021-10-01,5276.666666666667,12815623.66666667,One_storey,628700
2021-11-01,5276.666666666667,12815623.66666667,One_storey,644200
2021-12-01,5276.666666666667,12815623.66666667,One_storey,661400
2022-01-01,5066.666666666667,12855344.0,One_storey,693400
2022-02-01,5066.666666666667,12855344.0,One_storey,713600
2022-03-01,5066.666666666667,12855344.0,One_storey,711100
2022-04-01,5066.666666666667,12894141.33333333,One_storey,696900
2022-05-01,5066.666666666667,12894141.33333333,One_storey,682600
2022-06-01,5066.666666666667,12894141.33333333,One_storey,661800
2022-07-01,5066.666666666667,12978644.66666667,One_storey,644100
2022-08-01,5066.666666666667,12978644.66666667,One_storey,630200
2022-09-01,5066.666666666667,12978644.66666667,One_storey,619400
2022-10-01,5066.666666666667,13093167.0,One_storey,613300
2022-11-01,5066.666666666667,13093167.0,One_storey,607900
2005-01-01,4487.5,10691670.33333333,Two_storey,302900
2005-02-01,4487.5,10691670.33333333,Two_storey,303300
2005-03-01,4487.5,10691670.33333333,Two_storey,304300
2005-04-01,4487.5,10713523.0,Two_storey,304800
2005-05-01,4487.5,10713523.0,Two_storey,305400
2005-06-01,4487.5,10713523.0,Two_storey,307200
2005-07-01,4487.5,10747577.33333333,Two_storey,309600
2005-08-01,4487.5,10747577.33333333,Two_storey,312300
2005-09-01,4487.5,10747577.33333333,Two_storey,314800
2005-10-01,4487.5,10784437.0,Two_storey,318500
2005-11-01,4487.5,10784437.0,Two_storey,321500
2005-12-01,4487.5,10784437.0,Two_storey,324600
2006-01-01,4591.666666666667,10798303.0,Two_storey,328100
2006-02-01,4591.666666666667,10798303.0,Two_storey,331100
2006-03-01,4591.666666666667,10798303.0,Two_storey,334500
2006-04-01,4591.666666666667,10823390.33333333,Two_storey,338200
2006-05-01,4591.666666666667,10823390.33333333,Two_storey,341600
2006-06-01,4591.666666666667,10823390.33333333,Two_storey,344600
2006-07-01,4591.666666666667,10857064.33333333,Two_storey,347300
2006-08-01,4591.666666666667,10857064.33333333,Two_storey,350100
2006-09-01,4591.666666666667,10857064.33333333,Two_storey,353500
2006-10-01,4591.666666666667,10893613.0,Two_storey,354300
2006-11-01,4591.666666666667,10893613.0,Two_storey,356400
2006-12-01,4591.666666666667,10893613.0,Two_storey,358500
2007-01-01,4732.5,10905949.33333333,Two_storey,361000
2007-02-01,4732.5,10905949.33333333,Two_storey,365200
2007-03-01,4732.5,10905949.33333333,Two_storey,367900
2007-04-01,4732.5,10928654.66666667,Two_storey,371200
2007-05-01,4732.5,10928654.66666667,Two_storey,374800
2007-06-01,4732.5,10928654.66666667,Two_storey,377900
2007-07-01,4732.5,10962962.0,Two_storey,381000
2007-08-01,4732.5,10962962.0,Two_storey,383400
2007-09-01,4732.5,10962962.0,Two_storey,385900
2007-10-01,4732.5,11000639.33333333,Two_storey,388200
2007-11-01,4732.5,11000639.33333333,Two_storey,390000
2007-12-01,4732.5,11000639.33333333,Two_storey,392900
2008-01-01,4784.166666666667,11016754.0,Two_storey,394600
2008-02-01,4784.166666666667,11016754.0,Two_storey,395200
2008-03-01,4784.166666666667,11016754.0,Two_storey,395000
2008-04-01,4784.166666666667,11042464.66666667,Two_storey,393500
2008-05-01,4784.166666666667,11042464.66666667,Two_storey,391200
2008-06-01,4784.166666666667,11042464.66666667,Two_storey,389100
2008-07-01,4784.166666666667,11082432.66666667,Two_storey,386300
2008-08-01,4784.166666666667,11082432.66666667,Two_storey,383600
2008-09-01,4784.166666666667,11082432.66666667,Two_storey,381400
2008-10-01,4784.166666666667,11124326.0,Two_storey,376500
2008-11-01,4784.166666666667,11124326.0,Two_storey,373300
2008-12-01,4784.166666666667,11124326.0,Two_storey,368300
2009-01-01,4807.5,11142584.66666667,Two_storey,364800
2009-02-01,4807.5,11142584.66666667,Two_storey,361100
2009-03-01,4807.5,11142584.66666667,Two_storey,359500
2009-04-01,4807.5,11170768.33333333,Two_storey,361100
2009-05-01,4807.5,11170768.33333333,Two_storey,364800
2009-06-01,4807.5,11170768.33333333,Two_storey,369800
2009-07-01,4807.5,11210023.0,Two_storey,375500
2009-08-01,4807.5,11210023.0,Two_storey,381500
2009-09-01,4807.5,11210023.0,Two_storey,387900
2009-10-01,4807.5,11252860.33333333,Two_storey,394400
2009-11-01,4807.5,11252860.33333333,Two_storey,399900
2009-12-01,4807.5,11252860.33333333,Two_storey,404300
2010-01-01,4783.333333333333,11269672.0,Two_storey,407700
2010-02-01,4783.333333333333,11269672.0,Two_storey,411000
2010-03-01,4783.333333333333,11269672.0,Two_storey,413100
2010-04-01,4783.333333333333,11296820.33333333,Two_storey,413700
2010-05-01,4783.333333333333,11296820.33333333,Two_storey,413500
2010-06-01,4783.333333333333,11296820.33333333,Two_storey,412200
2010-07-01,4783.333333333333,11335300.66666667,Two_storey,411500
2010-08-01,4783.333333333333,11335300.66666667,Two_storey,411700
2010-09-01,4783.333333333333,11335300.66666667,Two_storey,412100
2010-10-01,4783.333333333333,11377510.33333333,Two_storey,413500
2010-11-01,4783.333333333333,11377510.33333333,Two_storey,416500
2010-12-01,4783.333333333333,11377510.33333333,Two_storey,419300
2011-01-01,4770.0,11388877.66666667,Two_storey,423300
2011-02-01,4770.0,11388877.66666667,Two_storey,427200
2011-03-01,4770.0,11388877.66666667,Two_storey,431200
2011-04-01,4770.0,11410185.0,Two_storey,434900
2011-05-01,4770.0,11410185.0,Two_storey,439200
2011-06-01,4770.0,11410185.0,Two_storey,443500
2011-07-01,4770.0,11446407.0,Two_storey,447200
2011-08-01,4770.0,11446407.0,Two_storey,450700
2011-09-01,4770.0,11446407.0,Two_storey,453400
2011-10-01,4770.0,11485904.33333333,Two_storey,456300
2011-11-01,4770.0,11485904.33333333,Two_storey,458600
2011-12-01,4770.0,11485904.33333333,Two_storey,461300
2012-01-01,4835.0,11505344.0,Two_storey,463900
2012-02-01,4835.0,11505344.0,Two_storey,466700
2012-03-01,4835.0,11505344.0,Two_storey,468700
2012-04-01,4835.0,11530730.66666667,Two_storey,470500
2012-05-01,4835.0,11530730.66666667,Two_storey,469800
2012-06-01,4835.0,11530730.66666667,Two_storey,469600
2012-07-01,4835.0,11571131.66666667,Two_storey,469500
2012-08-01,4835.0,11571131.66666667,Two_storey,468200
2012-09-01,4835.0,11571131.66666667,Two_storey,468300
2012-10-01,4835.0,11611657.66666667,Two_storey,468000
2012-11-01,4835.0,11611657.66666667,Two_storey,467500
2012-12-01,4835.0,11611657.66666667,Two_storey,469100
2013-01-01,4894.166666666667,11627264.66666667,Two_storey,469300
2013-02-01,4894.166666666667,11627264.66666667,Two_storey,470000
2013-03-01,4894.166666666667,11627264.66666667,Two_storey,470500
2013-04-01,4894.166666666667,11652189.0,Two_storey,472500
2013-05-01,4894.166666666667,11652189.0,Two_storey,473600
2013-06-01,4894.166666666667,11652189.0,Two_storey,475000
2013-07-01,4894.166666666667,11693664.0,Two_storey,477600
2013-08-01,4894.166666666667,11693664.0,Two_storey,480800
2013-09-01,4894.166666666667,11693664.0,Two_storey,483400
2013-10-01,4894.166666666667,11736532.33333333,Two_storey,487300
2013-11-01,4894.166666666667,11736532.33333333,Two_storey,490500
2013-12-01,4894.166666666667,11736532.33333333,Two_storey,492800
2014-01-01,4910.833333333333,11749007.66666667,Two_storey,495300
2014-02-01,4910.833333333333,11749007.66666667,Two_storey,496900
2014-03-01,4910.833333333333,11749007.66666667,Two_storey,498200
2014-04-01,4910.833333333333,11773513.33333333,Two_storey,499400
2014-05-01,4910.833333333333,11773513.33333333,Two_storey,501900
2014-06-01,4910.833333333333,11773513.33333333,Two_storey,504300
2014-07-01,4910.833333333333,11811355.33333333,Two_storey,507000
2014-08-01,4910.833333333333,11811355.33333333,Two_storey,510300
2014-09-01,4910.833333333333,11811355.33333333,Two_storey,514100
2014-10-01,4910.833333333333,11851768.33333333,Two_storey,518200
2014-11-01,4910.833333333333,11851768.33333333,Two_storey,522600
2014-12-01,4910.833333333333,11851768.33333333,Two_storey,526800
2015-01-01,4960.0,11857014.33333333,Two_storey,528800
2015-02-01,4960.0,11857014.33333333,Two_storey,531700
2015-03-01,4960.0,11857014.33333333,Two_storey,536000
2015-04-01,4960.0,11868911.33333333,Two_storey,540300
2015-05-01,4960.0,11868911.33333333,Two_storey,545200
2015-06-01,4960.0,11868911.33333333,Two_storey,552100
2015-07-01,4960.0,11901499.33333333,Two_storey,558900
2015-08-01,4960.0,11901499.33333333,Two_storey,566000
2015-09-01,4960.0,11901499.33333333,Two_storey,572200
2015-10-01,4960.0,11941197.0,Two_storey,578700
2015-11-01,4960.0,11941197.0,Two_storey,585800
2015-12-01,4960.0,11941197.0,Two_storey,592100
2016-01-01,4967.5,11957161.33333333,Two_storey,601600
2016-02-01,4967.5,11957161.33333333,Two_storey,611200
2016-03-01,4967.5,11957161.33333333,Two_storey,621600
2016-04-01,4967.5,11990135.66666667,Two_storey,633000
2016-05-01,4967.5,11990135.66666667,Two_storey,645600
2016-06-01,4967.5,11990135.66666667,Two_storey,657300
2016-07-01,4967.5,12036934.33333333,Two_storey,668200
2016-08-01,4967.5,12036934.33333333,Two_storey,675500
2016-09-01,4967.5,12036934.33333333,Two_storey,682100
2016-10-01,4967.5,12085807.0,Two_storey,684900
2016-11-01,4967.5,12085807.0,Two_storey,688400
2016-12-01,4967.5,12085807.0,Two_storey,691400
2017-01-01,5033.333333333333,12104356.0,Two_storey,702300
2017-02-01,5033.333333333333,12104356.0,Two_storey,719700
2017-03-01,5033.333333333333,12104356.0,Two_storey,739000
2017-04-01,5033.333333333333,12132380.33333333,Two_storey,744000
2017-05-01,5033.333333333333,12132380.33333333,Two_storey,737800
2017-06-01,5033.333333333333,12132380.33333333,Two_storey,728400
2017-07-01,5033.333333333333,12181691.66666667,Two_storey,717800
2017-08-01,5033.333333333333,12181691.66666667,Two_storey,712200
2017-09-01,5033.333333333333,12181691.66666667,Two_storey,710300
2017-10-01,5033.333333333333,12240691.66666667,Two_storey,709700
2017-11-01,5033.333333333333,12240691.66666667,Two_storey,710900
2017-12-01,5033.333333333333,12240691.66666667,Two_storey,709400
2018-01-01,5047.5,12267193.0,Two_storey,705300
2018-02-01,5047.5,12267193.0,Two_storey,699400
2018-03-01,5047.5,12267193.0,Two_storey,694400
2018-04-01,5047.5,12301223.66666667,Two_storey,690900
2018-05-01,5047.5,12301223.66666667,Two_storey,689700
2018-06-01,5047.5,12301223.66666667,Two_storey,689300
2018-07-01,5047.5,12357540.0,Two_storey,688100
2018-08-01,5047.5,12357540.0,Two_storey,686800
2018-09-01,5047.5,12357540.0,Two_storey,685000
2018-10-01,5047.5,12419828.33333333,Two_storey,683800
2018-11-01,5047.5,12419828.33333333,Two_storey,679000
2018-12-01,5047.5,12419828.33333333,Two_storey,675300
2019-01-01,5063.333333333333,12445652.0,Two_storey,666300
2019-02-01,5063.333333333333,12445652.0,Two_storey,658300
2019-03-01,5063.333333333333,12445652.0,Two_storey,654400
2019-04-01,5063.333333333333,12479081.0,Two_storey,654400
2019-05-01,5063.333333333333,12479081.0,Two_storey,655700
2019-06-01,5063.333333333333,12479081.0,Two_storey,658200
2019-07-01,5063.333333333333,12539498.33333333,Two_storey,662800
2019-08-01,5063.333333333333,12539498.33333333,Two_storey,664900
2019-09-01,5063.333333333333,12539498.33333333,Two_storey,668700
2019-10-01,5063.333333333333,12609387.33333333,Two_storey,672600
2019-11-01,5063.333333333333,12609387.33333333,Two_storey,674200
2019-12-01,5063.333333333333,12609387.33333333,Two_storey,675900
2020-01-01,5430.833333333333,12642736.0,Two_storey,676900
2020-02-01,5430.833333333333,12642736.0,Two_storey,680000
2020-03-01,5430.833333333333,12642736.0,Two_storey,682600
2020-04-01,5430.833333333333,12668980.33333333,Two_storey,672800
2020-05-01,5430.833333333333,12668980.33333333,Two_storey,681000
2020-06-01,5430.833333333333,12668980.33333333,Two_storey,693900
2020-07-01,5430.833333333333,12676212.66666667,Two_storey,711500
2020-08-01,5430.833333333333,12676212.66666667,Two_storey,728400
2020-09-01,5430.833333333333,12676212.66666667,Two_storey,739900
2020-10-01,5430.833333333333,12675802.0,Two_storey,747500
2020-11-01,5430.833333333333,12675802.0,Two_storey,758900
2020-12-01,5430.833333333333,12675802.0,Two_storey,771900
2021-01-01,5276.666666666667,12686097.0,Two_storey,793800
2021-02-01,5276.666666666667,12686097.0,Two_storey,816800
2021-03-01,5276.666666666667,12686097.0,Two_storey,840100
2021-04-01,5276.666666666667,12713639.33333333,Two_storey,852300
2021-05-01,5276.666666666667,12713639.33333333,Two_storey,864500
2021-06-01,5276.666666666667,12713639.33333333,Two_storey,877400
2021-07-01,5276.666666666667,12746621.33333333,Two_storey,888300
2021-08-01,5276.666666666667,12746621.33333333,Two_storey,900000
2021-09-01,5276.666666666667,12746621.33333333,Two_storey,924100
2021-10-01,5276.666666666667,12815623.66666667,Two_storey,955000
2021-11-01,5276.666666666667,12815623.66666667,Two_storey,982700
2021-12-01,5276.666666666667,12815623.66666667,Two_storey,1007300
2022-01-01,5066.666666666667,12855344.0,Two_storey,1053600
2022-02-01,5066.666666666667,12855344.0,Two_storey,1085300
2022-03-01,5066.666666666667,12855344.0,Two_storey,1080900
2022-04-01,5066.666666666667,12894141.33333333,Two_storey,1056700
2022-05-01,5066.666666666667,12894141.33333333,Two_storey,1033900
2022-06-01,5066.666666666667,12894141.33333333,Two_storey,1005500
2022-07-01,5066.666666666667,12978644.66666667,Two_storey,979100
2022-08-01,5066.666666666667,12978644.66666667,Two_storey,957700
2022-09-01,5066.666666666667,12978644.66666667,Two_storey,947700
2022-10-01,5066.666666666667,13093167.0,Two_storey,937000
2022-11-01,5066.666666666667,13093167.0,Two_storey,928800
2005-01-01,4487.5,10691670.33333333,Townhouse,201700
2005-02-01,4487.5,10691670.33333333,Townhouse,202300
2005-03-01,4487.5,10691670.33333333,Townhouse,202900
2005-04-01,4487.5,10713523.0,Townhouse,203300
2005-05-01,4487.5,10713523.0,Townhouse,203700
2005-06-01,4487.5,10713523.0,Townhouse,204500
2005-07-01,4487.5,10747577.33333333,Townhouse,206500
2005-08-01,4487.5,10747577.33333333,Townhouse,208400
2005-09-01,4487.5,10747577.33333333,Townhouse,210900
2005-10-01,4487.5,10784437.0,Townhouse,213000
2005-11-01,4487.5,10784437.0,Townhouse,215700
2005-12-01,4487.5,10784437.0,Townhouse,217700
2006-01-01,4591.666666666667,10798303.0,Townhouse,221000
2006-02-01,4591.666666666667,10798303.0,Townhouse,224000
2006-03-01,4591.666666666667,10798303.0,Townhouse,226500
2006-04-01,4591.666666666667,10823390.33333333,Townhouse,229800
2006-05-01,4591.666666666667,10823390.33333333,Townhouse,233500
2006-06-01,4591.666666666667,10823390.33333333,Townhouse,237500
2006-07-01,4591.666666666667,10857064.33333333,Townhouse,240800
2006-08-01,4591.666666666667,10857064.33333333,Townhouse,244200
2006-09-01,4591.666666666667,10857064.33333333,Townhouse,246800
2006-10-01,4591.666666666667,10893613.0,Townhouse,249800
2006-11-01,4591.666666666667,10893613.0,Townhouse,251900
2006-12-01,4591.666666666667,10893613.0,Townhouse,254700
2007-01-01,4732.5,10905949.33333333,Townhouse,256700
2007-02-01,4732.5,10905949.33333333,Townhouse,258900
2007-03-01,4732.5,10905949.33333333,Townhouse,262200
2007-04-01,4732.5,10928654.66666667,Townhouse,264200
2007-05-01,4732.5,10928654.66666667,Townhouse,266800
2007-06-01,4732.5,10928654.66666667,Townhouse,269100
2007-07-01,4732.5,10962962.0,Townhouse,271100
2007-08-01,4732.5,10962962.0,Townhouse,273300
2007-09-01,4732.5,10962962.0,Townhouse,274500
2007-10-01,4732.5,11000639.33333333,Townhouse,276000
2007-11-01,4732.5,11000639.33333333,Townhouse,277800
2007-12-01,4732.5,11000639.33333333,Townhouse,279900
2008-01-01,4784.166666666667,11016754.0,Townhouse,281500
2008-02-01,4784.166666666667,11016754.0,Townhouse,282100
2008-03-01,4784.166666666667,11016754.0,Townhouse,282700
2008-04-01,4784.166666666667,11042464.66666667,Townhouse,282900
2008-05-01,4784.166666666667,11042464.66666667,Townhouse,282200
2008-06-01,4784.166666666667,11042464.66666667,Townhouse,280900
2008-07-01,4784.166666666667,11082432.66666667,Townhouse,279500
2008-08-01,4784.166666666667,11082432.66666667,Townhouse,277700
2008-09-01,4784.166666666667,11082432.66666667,Townhouse,276200
2008-10-01,4784.166666666667,11124326.0,Townhouse,273800
2008-11-01,4784.166666666667,11124326.0,Townhouse,271200
2008-12-01,4784.166666666667,11124326.0,Townhouse,265500
2009-01-01,4807.5,11142584.66666667,Townhouse,264400
2009-02-01,4807.5,11142584.66666667,Townhouse,262300
2009-03-01,4807.5,11142584.66666667,Townhouse,260100
2009-04-01,4807.5,11170768.33333333,Townhouse,259500
2009-05-01,4807.5,11170768.33333333,Townhouse,260200
2009-06-01,4807.5,11170768.33333333,Townhouse,261900
2009-07-01,4807.5,11210023.0,Townhouse,265600
2009-08-01,4807.5,11210023.0,Townhouse,268600
2009-09-01,4807.5,11210023.0,Townhouse,272200
2009-10-01,4807.5,11252860.33333333,Townhouse,275800
2009-11-01,4807.5,11252860.33333333,Townhouse,279200
2009-12-01,4807.5,11252860.33333333,Townhouse,282500
2010-01-01,4783.333333333333,11269672.0,Townhouse,286200
2010-02-01,4783.333333333333,11269672.0,Townhouse,287400
2010-03-01,4783.333333333333,11269672.0,Townhouse,289500
2010-04-01,4783.333333333333,11296820.33333333,Townhouse,291100
2010-05-01,4783.333333333333,11296820.33333333,Townhouse,291100
2010-06-01,4783.333333333333,11296820.33333333,Townhouse,291000
2010-07-01,4783.333333333333,11335300.66666667,Townhouse,289200
2010-08-01,4783.333333333333,11335300.66666667,Townhouse,288400
2010-09-01,4783.333333333333,11335300.66666667,Townhouse,288400
2010-10-01,4783.333333333333,11377510.33333333,Townhouse,288300
2010-11-01,4783.333333333333,11377510.33333333,Townhouse,289000
2010-12-01,4783.333333333333,11377510.33333333,Townhouse,290800
2011-01-01,4770.0,11388877.66666667,Townhouse,291300
2011-02-01,4770.0,11388877.66666667,Townhouse,292700
2011-03-01,4770.0,11388877.66666667,Townhouse,293900
2011-04-01,4770.0,11410185.0,Townhouse,294700
2011-05-01,4770.0,11410185.0,Townhouse,295600
2011-06-01,4770.0,11410185.0,Townhouse,296100
2011-07-01,4770.0,11446407.0,Townhouse,298700
2011-08-01,4770.0,11446407.0,Townhouse,300900
2011-09-01,4770.0,11446407.0,Townhouse,301500
2011-10-01,4770.0,11485904.33333333,Townhouse,302400
2011-11-01,4770.0,11485904.33333333,Townhouse,303500
2011-12-01,4770.0,11485904.33333333,Townhouse,302800
2012-01-01,4835.0,11505344.0,Townhouse,303400
2012-02-01,4835.0,11505344.0,Townhouse,304700
2012-03-01,4835.0,11505344.0,Townhouse,305000
2012-04-01,4835.0,11530730.66666667,Townhouse,305400
2012-05-01,4835.0,11530730.66666667,Townhouse,305500
2012-06-01,4835.0,11530730.66666667,Townhouse,305500
2012-07-01,4835.0,11571131.66666667,Townhouse,305200
2012-08-01,4835.0,11571131.66666667,Townhouse,304000
2012-09-01,4835.0,11571131.66666667,Townhouse,303400
2012-10-01,4835.0,11611657.66666667,Townhouse,303600
2012-11-01,4835.0,11611657.66666667,Townhouse,303400
2012-12-01,4835.0,11611657.66666667,Townhouse,304800
2013-01-01,4894.166666666667,11627264.66666667,Townhouse,305400
2013-02-01,4894.166666666667,11627264.66666667,Townhouse,305100
2013-03-01,4894.166666666667,11627264.66666667,Townhouse,305200
2013-04-01,4894.166666666667,11652189.0,Townhouse,305600
2013-05-01,4894.166666666667,11652189.0,Townhouse,306800
2013-06-01,4894.166666666667,11652189.0,Townhouse,307200
2013-07-01,4894.166666666667,11693664.0,Townhouse,307600
2013-08-01,4894.166666666667,11693664.0,Townhouse,308100
2013-09-01,4894.166666666667,11693664.0,Townhouse,310500
2013-10-01,4894.166666666667,11736532.33333333,Townhouse,311500
2013-11-01,4894.166666666667,11736532.33333333,Townhouse,313300
2013-12-01,4894.166666666667,11736532.33333333,Townhouse,314700
2014-01-01,4910.833333333333,11749007.66666667,Townhouse,315100
2014-02-01,4910.833333333333,11749007.66666667,Townhouse,316900
2014-03-01,4910.833333333333,11749007.66666667,Townhouse,318200
2014-04-01,4910.833333333333,11773513.33333333,Townhouse,319000
2014-05-01,4910.833333333333,11773513.33333333,Townhouse,319400
2014-06-01,4910.833333333333,11773513.33333333,Townhouse,320600
2014-07-01,4910.833333333333,11811355.33333333,Townhouse,321800
2014-08-01,4910.833333333333,11811355.33333333,Townhouse,324200
2014-09-01,4910.833333333333,11811355.33333333,Townhouse,325700
2014-10-01,4910.833333333333,11851768.33333333,Townhouse,327900
2014-11-01,4910.833333333333,11851768.33333333,Townhouse,329500
2014-12-01,4910.833333333333,11851768.33333333,Townhouse,329000
2015-01-01,4960.0,11857014.33333333,Townhouse,333400
2015-02-01,4960.0,11857014.33333333,Townhouse,334000
2015-03-01,4960.0,11857014.33333333,Townhouse,334800
2015-04-01,4960.0,11868911.33333333,Townhouse,335400
2015-05-01,4960.0,11868911.33333333,Townhouse,337200
2015-06-01,4960.0,11868911.33333333,Townhouse,339600
2015-07-01,4960.0,11901499.33333333,Townhouse,341600
2015-08-01,4960.0,11901499.33333333,Townhouse,344700
2015-09-01,4960.0,11901499.33333333,Townhouse,348600
2015-10-01,4960.0,11941197.0,Townhouse,352800
2015-11-01,4960.0,11941197.0,Townhouse,356500
2015-12-01,4960.0,11941197.0,Townhouse,359900
2016-01-01,4967.5,11957161.33333333,Townhouse,362800
2016-02-01,4967.5,11957161.33333333,Townhouse,365700
2016-03-01,4967.5,11957161.33333333,Townhouse,370900
2016-04-01,4967.5,11990135.66666667,Townhouse,376900
2016-05-01,4967.5,11990135.66666667,Townhouse,384100
2016-06-01,4967.5,11990135.66666667,Townhouse,390900
2016-07-01,4967.5,12036934.33333333,Townhouse,397900
2016-08-01,4967.5,12036934.33333333,Townhouse,403600
2016-09-01,4967.5,12036934.33333333,Townhouse,408000
2016-10-01,4967.5,12085807.0,Townhouse,411000
2016-11-01,4967.5,12085807.0,Townhouse,416400
2016-12-01,4967.5,12085807.0,Townhouse,419100
2017-01-01,5033.333333333333,12104356.0,Townhouse,428600
2017-02-01,5033.333333333333,12104356.0,Townhouse,438700
2017-03-01,5033.333333333333,12104356.0,Townhouse,446600
2017-04-01,5033.333333333333,12132380.33333333,Townhouse,455000
2017-05-01,5033.333333333333,12132380.33333333,Townhouse,459200
2017-06-01,5033.333333333333,12132380.33333333,Townhouse,461100
2017-07-01,5033.333333333333,12181691.66666667,Townhouse,463100
2017-08-01,5033.333333333333,12181691.66666667,Townhouse,464100
2017-09-01,5033.333333333333,12181691.66666667,Townhouse,465600
2017-10-01,5033.333333333333,12240691.66666667,Townhouse,469900
2017-11-01,5033.333333333333,12240691.66666667,Townhouse,471400
2017-12-01,5033.333333333333,12240691.66666667,Townhouse,474600
2018-01-01,5047.5,12267193.0,Townhouse,477200
2018-02-01,5047.5,12267193.0,Townhouse,478200
2018-03-01,5047.5,12267193.0,Townhouse,481100
2018-04-01,5047.5,12301223.66666667,Townhouse,481200
2018-05-01,5047.5,12301223.66666667,Townhouse,481100
2018-06-01,5047.5,12301223.66666667,Townhouse,483400
2018-07-01,5047.5,12357540.0,Townhouse,484300
2018-08-01,5047.5,12357540.0,Townhouse,483800
2018-09-01,5047.5,12357540.0,Townhouse,485000
2018-10-01,5047.5,12419828.33333333,Townhouse,484300
2018-11-01,5047.5,12419828.33333333,Townhouse,484200
2018-12-01,5047.5,12419828.33333333,Townhouse,481300
2019-01-01,5063.333333333333,12445652.0,Townhouse,476300
2019-02-01,5063.333333333333,12445652.0,Townhouse,471800
2019-03-01,5063.333333333333,12445652.0,Townhouse,467900
2019-04-01,5063.333333333333,12479081.0,Townhouse,467900
2019-05-01,5063.333333333333,12479081.0,Townhouse,470800
2019-06-01,5063.333333333333,12479081.0,Townhouse,471900
2019-07-01,5063.333333333333,12539498.33333333,Townhouse,473900
2019-08-01,5063.333333333333,12539498.33333333,Townhouse,479000
2019-09-01,5063.333333333333,12539498.33333333,Townhouse,482400
2019-10-01,5063.333333333333,12609387.33333333,Townhouse,486000
2019-11-01,5063.333333333333,12609387.33333333,Townhouse,488900
2019-12-01,5063.333333333333,12609387.33333333,Townhouse,491400
2020-01-01,5430.833333333333,12642736.0,Townhouse,494300
2020-02-01,5430.833333333333,12642736.0,Townhouse,493400
2020-03-01,5430.833333333333,12642736.0,Townhouse,492000
2020-04-01,5430.833333333333,12668980.33333333,Townhouse,490600
2020-05-01,5430.833333333333,12668980.33333333,Townhouse,491100
2020-06-01,5430.833333333333,12668980.33333333,Townhouse,497500
2020-07-01,5430.833333333333,12676212.66666667,Townhouse,507900
2020-08-01,5430.833333333333,12676212.66666667,Townhouse,518100
2020-09-01,5430.833333333333,12676212.66666667,Townhouse,526100
2020-10-01,5430.833333333333,12675802.0,Townhouse,532300
2020-11-01,5430.833333333333,12675802.0,Townhouse,538000
2020-12-01,5430.833333333333,12675802.0,Townhouse,544500
2021-01-01,5276.666666666667,12686097.0,Townhouse,551900
2021-02-01,5276.666666666667,12686097.0,Townhouse,565600
2021-03-01,5276.666666666667,12686097.0,Townhouse,582800
2021-04-01,5276.666666666667,12713639.33333333,Townhouse,593900
2021-05-01,5276.666666666667,12713639.33333333,Townhouse,605500
2021-06-01,5276.666666666667,12713639.33333333,Townhouse,615200
2021-07-01,5276.666666666667,12746621.33333333,Townhouse,621600
2021-08-01,5276.666666666667,12746621.33333333,Townhouse,631300
2021-09-01,5276.666666666667,12746621.33333333,Townhouse,644500
2021-10-01,5276.666666666667,12815623.66666667,Townhouse,660900
2021-11-01,5276.666666666667,12815623.66666667,Townhouse,682000
2021-12-01,5276.666666666667,12815623.66666667,Townhouse,695700
2022-01-01,5066.666666666667,12855344.0,Townhouse,723700
2022-02-01,5066.666666666667,12855344.0,Townhouse,746300
2022-03-01,5066.666666666667,12855344.0,Townhouse,757800
2022-04-01,5066.666666666667,12894141.33333333,Townhouse,747500
2022-05-01,5066.666666666667,12894141.33333333,Townhouse,737600
2022-06-01,5066.666666666667,12894141.33333333,Townhouse,721700
2022-07-01,5066.666666666667,12978644.66666667,Townhouse,709900
2022-08-01,5066.666666666667,12978644.66666667,Townhouse,693800
2022-09-01,5066.666666666667,12978644.66666667,Townhouse,684900
2022-10-01,5066.666666666667,13093167.0,Townhouse,679200
2022-11-01,5066.666666666667,13093167.0,Townhouse,672800
2005-01-01,4487.5,10691670.33333333,Apartment_unit,172000
2005-02-01,4487.5,10691670.33333333,Apartment_unit,173000
2005-03-01,4487.5,10691670.33333333,Apartment_unit,173900
2005-04-01,4487.5,10713523.0,Apartment_unit,174600
2005-05-01,4487.5,10713523.0,Apartment_unit,175400
2005-06-01,4487.5,10713523.0,Apartment_unit,176800
2005-07-01,4487.5,10747577.33333333,Apartment_unit,178100
2005-08-01,4487.5,10747577.33333333,Apartment_unit,179200
2005-09-01,4487.5,10747577.33333333,Apartment_unit,182800
2005-10-01,4487.5,10784437.0,Apartment_unit,184000
2005-11-01,4487.5,10784437.0,Apartment_unit,186100
2005-12-01,4487.5,10784437.0,Apartment_unit,188200
2006-01-01,4591.666666666667,10798303.0,Apartment_unit,190600
2006-02-01,4591.666666666667,10798303.0,Apartment_unit,193000
2006-03-01,4591.666666666667,10798303.0,Apartment_unit,194900
2006-04-01,4591.666666666667,10823390.33333333,Apartment_unit,197300
2006-05-01,4591.666666666667,10823390.33333333,Apartment_unit,200000
2006-06-01,4591.666666666667,10823390.33333333,Apartment_unit,202500
2006-07-01,4591.666666666667,10857064.33333333,Apartment_unit,205100
2006-08-01,4591.666666666667,10857064.33333333,Apartment_unit,208000
2006-09-01,4591.666666666667,10857064.33333333,Apartment_unit,211200
2006-10-01,4591.666666666667,10893613.0,Apartment_unit,212200
2006-11-01,4591.666666666667,10893613.0,Apartment_unit,213300
2006-12-01,4591.666666666667,10893613.0,Apartment_unit,215100
2007-01-01,4732.5,10905949.33333333,Apartment_unit,217300
2007-02-01,4732.5,10905949.33333333,Apartment_unit,219200
2007-03-01,4732.5,10905949.33333333,Apartment_unit,221900
2007-04-01,4732.5,10928654.66666667,Apartment_unit,224200
2007-05-01,4732.5,10928654.66666667,Apartment_unit,226700
2007-06-01,4732.5,10928654.66666667,Apartment_unit,229000
2007-07-01,4732.5,10962962.0,Apartment_unit,231100
2007-08-01,4732.5,10962962.0,Apartment_unit,232800
2007-09-01,4732.5,10962962.0,Apartment_unit,234700
2007-10-01,4732.5,11000639.33333333,Apartment_unit,236300
2007-11-01,4732.5,11000639.33333333,Apartment_unit,238600
2007-12-01,4732.5,11000639.33333333,Apartment_unit,240300
2008-01-01,4784.166666666667,11016754.0,Apartment_unit,241800
2008-02-01,4784.166666666667,11016754.0,Apartment_unit,242200
2008-03-01,4784.166666666667,11016754.0,Apartment_unit,242500
2008-04-01,4784.166666666667,11042464.66666667,Apartment_unit,241700
2008-05-01,4784.166666666667,11042464.66666667,Apartment_unit,240700
2008-06-01,4784.166666666667,11042464.66666667,Apartment_unit,239200
2008-07-01,4784.166666666667,11082432.66666667,Apartment_unit,237900
2008-08-01,4784.166666666667,11082432.66666667,Apartment_unit,236100
2008-09-01,4784.166666666667,11082432.66666667,Apartment_unit,234600
2008-10-01,4784.166666666667,11124326.0,Apartment_unit,231600
2008-11-01,4784.166666666667,11124326.0,Apartment_unit,228600
2008-12-01,4784.166666666667,11124326.0,Apartment_unit,226200
2009-01-01,4807.5,11142584.66666667,Apartment_unit,222300
2009-02-01,4807.5,11142584.66666667,Apartment_unit,221100
2009-03-01,4807.5,11142584.66666667,Apartment_unit,220300
2009-04-01,4807.5,11170768.33333333,Apartment_unit,221500
2009-05-01,4807.5,11170768.33333333,Apartment_unit,223200
2009-06-01,4807.5,11170768.33333333,Apartment_unit,226400
2009-07-01,4807.5,11210023.0,Apartment_unit,229700
2009-08-01,4807.5,11210023.0,Apartment_unit,233000
2009-09-01,4807.5,11210023.0,Apartment_unit,236300
2009-10-01,4807.5,11252860.33333333,Apartment_unit,239900
2009-11-01,4807.5,11252860.33333333,Apartment_unit,243500
2009-12-01,4807.5,11252860.33333333,Apartment_unit,246100
2010-01-01,4783.333333333333,11269672.0,Apartment_unit,249300
2010-02-01,4783.333333333333,11269672.0,Apartment_unit,250000
2010-03-01,4783.333333333333,11269672.0,Apartment_unit,251000
2010-04-01,4783.333333333333,11296820.33333333,Apartment_unit,251300
2010-05-01,4783.333333333333,11296820.33333333,Apartment_unit,251100
2010-06-01,4783.333333333333,11296820.33333333,Apartment_unit,249500
2010-07-01,4783.333333333333,11335300.66666667,Apartment_unit,248400
2010-08-01,4783.333333333333,11335300.66666667,Apartment_unit,247300
2010-09-01,4783.333333333333,11335300.66666667,Apartment_unit,248100
2010-10-01,4783.333333333333,11377510.33333333,Apartment_unit,249200
2010-11-01,4783.333333333333,11377510.33333333,Apartment_unit,249900
2010-12-01,4783.333333333333,11377510.33333333,Apartment_unit,251200
2011-01-01,4770.0,11388877.66666667,Apartment_unit,252700
2011-02-01,4770.0,11388877.66666667,Apartment_unit,254100
2011-03-01,4770.0,11388877.66666667,Apartment_unit,255400
2011-04-01,4770.0,11410185.0,Apartment_unit,256300
2011-05-01,4770.0,11410185.0,Apartment_unit,257000
2011-06-01,4770.0,11410185.0,Apartment_unit,258700
2011-07-01,4770.0,11446407.0,Apartment_unit,259900
2011-08-01,4770.0,11446407.0,Apartment_unit,260700
2011-09-01,4770.0,11446407.0,Apartment_unit,261500
2011-10-01,4770.0,11485904.33333333,Apartment_unit,261500
2011-11-01,4770.0,11485904.33333333,Apartment_unit,262800
2011-12-01,4770.0,11485904.33333333,Apartment_unit,263300
2012-01-01,4835.0,11505344.0,Apartment_unit,263600
2012-02-01,4835.0,11505344.0,Apartment_unit,263700
2012-03-01,4835.0,11505344.0,Apartment_unit,263800
2012-04-01,4835.0,11530730.66666667,Apartment_unit,264100
2012-05-01,4835.0,11530730.66666667,Apartment_unit,264100
2012-06-01,4835.0,11530730.66666667,Apartment_unit,263400
2012-07-01,4835.0,11571131.66666667,Apartment_unit,262700
2012-08-01,4835.0,11571131.66666667,Apartment_unit,262100
2012-09-01,4835.0,11571131.66666667,Apartment_unit,261800
2012-10-01,4835.0,11611657.66666667,Apartment_unit,261000
2012-11-01,4835.0,11611657.66666667,Apartment_unit,259900
2012-12-01,4835.0,11611657.66666667,Apartment_unit,259800
2013-01-01,4894.166666666667,11627264.66666667,Apartment_unit,259500
2013-02-01,4894.166666666667,11627264.66666667,Apartment_unit,260300
2013-03-01,4894.166666666667,11627264.66666667,Apartment_unit,260600
2013-04-01,4894.166666666667,11652189.0,Apartment_unit,260100
2013-05-01,4894.166666666667,11652189.0,Apartment_unit,261100
2013-06-01,4894.166666666667,11652189.0,Apartment_unit,261100
2013-07-01,4894.166666666667,11693664.0,Apartment_unit,261700
2013-08-01,4894.166666666667,11693664.0,Apartment_unit,262900
2013-09-01,4894.166666666667,11693664.0,Apartment_unit,263200
2013-10-01,4894.166666666667,11736532.33333333,Apartment_unit,263800
2013-11-01,4894.166666666667,11736532.33333333,Apartment_unit,264400
2013-12-01,4894.166666666667,11736532.33333333,Apartment_unit,265300
2014-01-01,4910.833333333333,11749007.66666667,Apartment_unit,266700
2014-02-01,4910.833333333333,11749007.66666667,Apartment_unit,266500
2014-03-01,4910.833333333333,11749007.66666667,Apartment_unit,266800
2014-04-01,4910.833333333333,11773513.33333333,Apartment_unit,267500
2014-05-01,4910.833333333333,11773513.33333333,Apartment_unit,267300
2014-06-01,4910.833333333333,11773513.33333333,Apartment_unit,268500
2014-07-01,4910.833333333333,11811355.33333333,Apartment_unit,269200
2014-08-01,4910.833333333333,11811355.33333333,Apartment_unit,270100
2014-09-01,4910.833333333333,11811355.33333333,Apartment_unit,271500
2014-10-01,4910.833333333333,11851768.33333333,Apartment_unit,273700
2014-11-01,4910.833333333333,11851768.33333333,Apartment_unit,276000
2014-12-01,4910.833333333333,11851768.33333333,Apartment_unit,276700
2015-01-01,4960.0,11857014.33333333,Apartment_unit,277300
2015-02-01,4960.0,11857014.33333333,Apartment_unit,276200
2015-03-01,4960.0,11857014.33333333,Apartment_unit,278300
2015-04-01,4960.0,11868911.33333333,Apartment_unit,279300
2015-05-01,4960.0,11868911.33333333,Apartment_unit,280200
2015-06-01,4960.0,11868911.33333333,Apartment_unit,281500
2015-07-01,4960.0,11901499.33333333,Apartment_unit,283600
2015-08-01,4960.0,11901499.33333333,Apartment_unit,285700
2015-09-01,4960.0,11901499.33333333,Apartment_unit,288600
2015-10-01,4960.0,11941197.0,Apartment_unit,291100
2015-11-01,4960.0,11941197.0,Apartment_unit,293700
2015-12-01,4960.0,11941197.0,Apartment_unit,296100
2016-01-01,4967.5,11957161.33333333,Apartment_unit,298800
2016-02-01,4967.5,11957161.33333333,Apartment_unit,302300
2016-03-01,4967.5,11957161.33333333,Apartment_unit,304400
2016-04-01,4967.5,11990135.66666667,Apartment_unit,307800
2016-05-01,4967.5,11990135.66666667,Apartment_unit,312400
2016-06-01,4967.5,11990135.66666667,Apartment_unit,318400
2016-07-01,4967.5,12036934.33333333,Apartment_unit,322600
2016-08-01,4967.5,12036934.33333333,Apartment_unit,325800
2016-09-01,4967.5,12036934.33333333,Apartment_unit,329500
2016-10-01,4967.5,12085807.0,Apartment_unit,331900
2016-11-01,4967.5,12085807.0,Apartment_unit,336100
2016-12-01,4967.5,12085807.0,Apartment_unit,341000
2017-01-01,5033.333333333333,12104356.0,Apartment_unit,346300
2017-02-01,5033.333333333333,12104356.0,Apartment_unit,351500
2017-03-01,5033.333333333333,12104356.0,Apartment_unit,363000
2017-04-01,5033.333333333333,12132380.33333333,Apartment_unit,372500
2017-05-01,5033.333333333333,12132380.33333333,Apartment_unit,378600
2017-06-01,5033.333333333333,12132380.33333333,Apartment_unit,382500
2017-07-01,5033.333333333333,12181691.66666667,Apartment_unit,385200
2017-08-01,5033.333333333333,12181691.66666667,Apartment_unit,389700
2017-09-01,5033.333333333333,12181691.66666667,Apartment_unit,393100
2017-10-01,5033.333333333333,12240691.66666667,Apartment_unit,398600
2017-11-01,5033.333333333333,12240691.66666667,Apartment_unit,402200
2017-12-01,5033.333333333333,12240691.66666667,Apartment_unit,406000
2018-01-01,5047.5,12267193.0,Apartment_unit,410200
2018-02-01,5047.5,12267193.0,Apartment_unit,410700
2018-03-01,5047.5,12267193.0,Apartment_unit,413800
2018-04-01,5047.5,12301223.66666667,Apartment_unit,413900
2018-05-01,5047.5,12301223.66666667,Apartment_unit,415700
2018-06-01,5047.5,12301223.66666667,Apartment_unit,416400
2018-07-01,5047.5,12357540.0,Apartment_unit,418200
2018-08-01,5047.5,12357540.0,Apartment_unit,418100
2018-09-01,5047.5,12357540.0,Apartment_unit,418200
2018-10-01,5047.5,12419828.33333333,Apartment_unit,418300
2018-11-01,5047.5,12419828.33333333,Apartment_unit,414900
2018-12-01,5047.5,12419828.33333333,Apartment_unit,416100
2019-01-01,5063.333333333333,12445652.0,Apartment_unit,411700
2019-02-01,5063.333333333333,12445652.0,Apartment_unit,408000
2019-03-01,5063.333333333333,12445652.0,Apartment_unit,404300
2019-04-01,5063.333333333333,12479081.0,Apartment_unit,403500
2019-05-01,5063.333333333333,12479081.0,Apartment_unit,403200
2019-06-01,5063.333333333333,12479081.0,Apartment_unit,405200
2019-07-01,5063.333333333333,12539498.33333333,Apartment_unit,406700
2019-08-01,5063.333333333333,12539498.33333333,Apartment_unit,409600
2019-09-01,5063.333333333333,12539498.33333333,Apartment_unit,413300
2019-10-01,5063.333333333333,12609387.33333333,Apartment_unit,415600
2019-11-01,5063.333333333333,12609387.33333333,Apartment_unit,419800
2019-12-01,5063.333333333333,12609387.33333333,Apartment_unit,423200
2020-01-01,5430.833333333333,12642736.0,Apartment_unit,427200
2020-02-01,5430.833333333333,12642736.0,Apartment_unit,429800
2020-03-01,5430.833333333333,12642736.0,Apartment_unit,429400
2020-04-01,5430.833333333333,12668980.33333333,Apartment_unit,424300
2020-05-01,5430.833333333333,12668980.33333333,Apartment_unit,422800
2020-06-01,5430.833333333333,12668980.33333333,Apartment_unit,422900
2020-07-01,5430.833333333333,12676212.66666667,Apartment_unit,427300
2020-08-01,5430.833333333333,12676212.66666667,Apartment_unit,431300
2020-09-01,5430.833333333333,12676212.66666667,Apartment_unit,433600
2020-10-01,5430.833333333333,12675802.0,Apartment_unit,434200
2020-11-01,5430.833333333333,12675802.0,Apartment_unit,434000
2020-12-01,5430.833333333333,12675802.0,Apartment_unit,437000
2021-01-01,5276.666666666667,12686097.0,Apartment_unit,438400
2021-02-01,5276.666666666667,12686097.0,Apartment_unit,442800
2021-03-01,5276.666666666667,12686097.0,Apartment_unit,451400
2021-04-01,5276.666666666667,12713639.33333333,Apartment_unit,460500
2021-05-01,5276.666666666667,12713639.33333333,Apartment_unit,466200
2021-06-01,5276.666666666667,12713639.33333333,Apartment_unit,471700
2021-07-01,5276.666666666667,12746621.33333333,Apartment_unit,476000
2021-08-01,5276.666666666667,12746621.33333333,Apartment_unit,481500
2021-09-01,5276.666666666667,12746621.33333333,Apartment_unit,491700
2021-10-01,5276.666666666667,12815623.66666667,Apartment_unit,504200
2021-11-01,5276.666666666667,12815623.66666667,Apartment_unit,516600
2021-12-01,5276.666666666667,12815623.66666667,Apartment_unit,526600
2022-01-01,5066.666666666667,12855344.0,Apartment_unit,542000
2022-02-01,5066.666666666667,12855344.0,Apartment_unit,558200
2022-03-01,5066.666666666667,12855344.0,Apartment_unit,571000
2022-04-01,5066.666666666667,12894141.33333333,Apartment_unit,568200
2022-05-01,5066.666666666667,12894141.33333333,Apartment_unit,566000
2022-06-01,5066.666666666667,12894141.33333333,Apartment_unit,557700
2022-07-01,5066.666666666667,12978644.66666667,Apartment_unit,551500
2022-08-01,5066.666666666667,12978644.66666667,Apartment_unit,544100
2022-09-01,5066.666666666667,12978644.66666667,Apartment_unit,537100
2022-10-01,5066.666666666667,13093167.0,Apartment_unit,532400
2022-11-01,5066.666666666667,13093167.0,Apartment_unit,530000
2005-01-01,4487.5,10691670.33333333,Composite,239800
2005-02-01,4487.5,10691670.33333333,Composite,240500
2005-03-01,4487.5,10691670.33333333,Composite,241300
2005-04-01,4487.5,10713523.0,Composite,242000
2005-05-01,4487.5,10713523.0,Composite,242600
2005-06-01,4487.5,10713523.0,Composite,244000
2005-07-01,4487.5,10747577.33333333,Composite,246100
2005-08-01,4487.5,10747577.33333333,Composite,248300
2005-09-01,4487.5,10747577.33333333,Composite,250900
2005-10-01,4487.5,10784437.0,Composite,253800
2005-11-01,4487.5,10784437.0,Composite,256600
2005-12-01,4487.5,10784437.0,Composite,259100
2006-01-01,4591.666666666667,10798303.0,Composite,262300
2006-02-01,4591.666666666667,10798303.0,Composite,265000
2006-03-01,4591.666666666667,10798303.0,Composite,267900
2006-04-01,4591.666666666667,10823390.33333333,Composite,271200
2006-05-01,4591.666666666667,10823390.33333333,Composite,274400
2006-06-01,4591.666666666667,10823390.33333333,Composite,277400
2006-07-01,4591.666666666667,10857064.33333333,Composite,280200
2006-08-01,4591.666666666667,10857064.33333333,Composite,283100
2006-09-01,4591.666666666667,10857064.33333333,Composite,285900
2006-10-01,4591.666666666667,10893613.0,Composite,287300
2006-11-01,4591.666666666667,10893613.0,Composite,289300
2006-12-01,4591.666666666667,10893613.0,Composite,291800
2007-01-01,4732.5,10905949.33333333,Composite,294100
2007-02-01,4732.5,10905949.33333333,Composite,297400
2007-03-01,4732.5,10905949.33333333,Composite,300200
2007-04-01,4732.5,10928654.66666667,Composite,302900
2007-05-01,4732.5,10928654.66666667,Composite,306200
2007-06-01,4732.5,10928654.66666667,Composite,309100
2007-07-01,4732.5,10962962.0,Composite,311700
2007-08-01,4732.5,10962962.0,Composite,313700
2007-09-01,4732.5,10962962.0,Composite,315800
2007-10-01,4732.5,11000639.33333333,Composite,317700
2007-11-01,4732.5,11000639.33333333,Composite,319400
2007-12-01,4732.5,11000639.33333333,Composite,321500
2008-01-01,4784.166666666667,11016754.0,Composite,323100
2008-02-01,4784.166666666667,11016754.0,Composite,323600
2008-03-01,4784.166666666667,11016754.0,Composite,323600
2008-04-01,4784.166666666667,11042464.66666667,Composite,322500
2008-05-01,4784.166666666667,11042464.66666667,Composite,320700
2008-06-01,4784.166666666667,11042464.66666667,Composite,318900
2008-07-01,4784.166666666667,11082432.66666667,Composite,316700
2008-08-01,4784.166666666667,11082432.66666667,Composite,314700
2008-09-01,4784.166666666667,11082432.66666667,Composite,312900
2008-10-01,4784.166666666667,11124326.0,Composite,308800
2008-11-01,4784.166666666667,11124326.0,Composite,305600
2008-12-01,4784.166666666667,11124326.0,Composite,301700
2009-01-01,4807.5,11142584.66666667,Composite,298600
2009-02-01,4807.5,11142584.66666667,Composite,296000
2009-03-01,4807.5,11142584.66666667,Composite,294000
2009-04-01,4807.5,11170768.33333333,Composite,295300
2009-05-01,4807.5,11170768.33333333,Composite,297700
2009-06-01,4807.5,11170768.33333333,Composite,301400
2009-07-01,4807.5,11210023.0,Composite,305700
2009-08-01,4807.5,11210023.0,Composite,310100
2009-09-01,4807.5,11210023.0,Composite,314800
2009-10-01,4807.5,11252860.33333333,Composite,319500
2009-11-01,4807.5,11252860.33333333,Composite,323700
2009-12-01,4807.5,11252860.33333333,Composite,327200
2010-01-01,4783.333333333333,11269672.0,Composite,329800
2010-02-01,4783.333333333333,11269672.0,Composite,331800
2010-03-01,4783.333333333333,11269672.0,Composite,333300
2010-04-01,4783.333333333333,11296820.33333333,Composite,334000
2010-05-01,4783.333333333333,11296820.33333333,Composite,333600
2010-06-01,4783.333333333333,11296820.33333333,Composite,332400
2010-07-01,4783.333333333333,11335300.66666667,Composite,331600
2010-08-01,4783.333333333333,11335300.66666667,Composite,331300
2010-09-01,4783.333333333333,11335300.66666667,Composite,331500
2010-10-01,4783.333333333333,11377510.33333333,Composite,332600
2010-11-01,4783.333333333333,11377510.33333333,Composite,334200
2010-12-01,4783.333333333333,11377510.33333333,Composite,335900
2011-01-01,4770.0,11388877.66666667,Composite,338400
2011-02-01,4770.0,11388877.66666667,Composite,341200
2011-03-01,4770.0,11388877.66666667,Composite,343600
2011-04-01,4770.0,11410185.0,Composite,346000
2011-05-01,4770.0,11410185.0,Composite,348500
2011-06-01,4770.0,11410185.0,Composite,351300
2011-07-01,4770.0,11446407.0,Composite,353700
2011-08-01,4770.0,11446407.0,Composite,356100
2011-09-01,4770.0,11446407.0,Composite,357800
2011-10-01,4770.0,11485904.33333333,Composite,359500
2011-11-01,4770.0,11485904.33333333,Composite,361400
2011-12-01,4770.0,11485904.33333333,Composite,363100
2012-01-01,4835.0,11505344.0,Composite,364900
2012-02-01,4835.0,11505344.0,Composite,366200
2012-03-01,4835.0,11505344.0,Composite,367700
2012-04-01,4835.0,11530730.66666667,Composite,369100
2012-05-01,4835.0,11530730.66666667,Composite,369000
2012-06-01,4835.0,11530730.66666667,Composite,368600
2012-07-01,4835.0,11571131.66666667,Composite,368400
2012-08-01,4835.0,11571131.66666667,Composite,367700
2012-09-01,4835.0,11571131.66666667,Composite,367700
2012-10-01,4835.0,11611657.66666667,Composite,367500
2012-11-01,4835.0,11611657.66666667,Composite,367100
2012-12-01,4835.0,11611657.66666667,Composite,368400
2013-01-01,4894.166666666667,11627264.66666667,Composite,368200
2013-02-01,4894.166666666667,11627264.66666667,Composite,369000
2013-03-01,4894.166666666667,11627264.66666667,Composite,369600
2013-04-01,4894.166666666667,11652189.0,Composite,370500
2013-05-01,4894.166666666667,11652189.0,Composite,371400
2013-06-01,4894.166666666667,11652189.0,Composite,372600
2013-07-01,4894.166666666667,11693664.0,Composite,374400
2013-08-01,4894.166666666667,11693664.0,Composite,376400
2013-09-01,4894.166666666667,11693664.0,Composite,378600
2013-10-01,4894.166666666667,11736532.33333333,Composite,380900
2013-11-01,4894.166666666667,11736532.33333333,Composite,383100
2013-12-01,4894.166666666667,11736532.33333333,Composite,384800
2014-01-01,4910.833333333333,11749007.66666667,Composite,386700
2014-02-01,4910.833333333333,11749007.66666667,Composite,388000
2014-03-01,4910.833333333333,11749007.66666667,Composite,388600
2014-04-01,4910.833333333333,11773513.33333333,Composite,389600
2014-05-01,4910.833333333333,11773513.33333333,Composite,390900
2014-06-01,4910.833333333333,11773513.33333333,Composite,392700
2014-07-01,4910.833333333333,11811355.33333333,Composite,394400
2014-08-01,4910.833333333333,11811355.33333333,Composite,396600
2014-09-01,4910.833333333333,11811355.33333333,Composite,399100
2014-10-01,4910.833333333333,11851768.33333333,Composite,402000
2014-11-01,4910.833333333333,11851768.33333333,Composite,405000
2014-12-01,4910.833333333333,11851768.33333333,Composite,407400
2015-01-01,4960.0,11857014.33333333,Composite,409200
2015-02-01,4960.0,11857014.33333333,Composite,410600
2015-03-01,4960.0,11857014.33333333,Composite,412900
2015-04-01,4960.0,11868911.33333333,Composite,415500
2015-05-01,4960.0,11868911.33333333,Composite,418500
2015-06-01,4960.0,11868911.33333333,Composite,422700
2015-07-01,4960.0,11901499.33333333,Composite,427200
2015-08-01,4960.0,11901499.33333333,Composite,432000
2015-09-01,4960.0,11901499.33333333,Composite,436500
2015-10-01,4960.0,11941197.0,Composite,441000
2015-11-01,4960.0,11941197.0,Composite,445600
2015-12-01,4960.0,11941197.0,Composite,450100
2016-01-01,4967.5,11957161.33333333,Composite,455800
2016-02-01,4967.5,11957161.33333333,Composite,462200
2016-03-01,4967.5,11957161.33333333,Composite,468700
2016-04-01,4967.5,11990135.66666667,Composite,476600
2016-05-01,4967.5,11990135.66666667,Composite,485700
2016-06-01,4967.5,11990135.66666667,Composite,494000
2016-07-01,4967.5,12036934.33333333,Composite,501400
2016-08-01,4967.5,12036934.33333333,Composite,506600
2016-09-01,4967.5,12036934.33333333,Composite,511100
2016-10-01,4967.5,12085807.0,Composite,513900
2016-11-01,4967.5,12085807.0,Composite,517500
2016-12-01,4967.5,12085807.0,Composite,520500
2017-01-01,5033.333333333333,12104356.0,Composite,528000
2017-02-01,5033.333333333333,12104356.0,Composite,540100
2017-03-01,5033.333333333333,12104356.0,Composite,553800
2017-04-01,5033.333333333333,12132380.33333333,Composite,560000
2017-05-01,5033.333333333333,12132380.33333333,Composite,558000
2017-06-01,5033.333333333333,12132380.33333333,Composite,553600
2017-07-01,5033.333333333333,12181691.66666667,Composite,548700
2017-08-01,5033.333333333333,12181691.66666667,Composite,546300
2017-09-01,5033.333333333333,12181691.66666667,Composite,546300
2017-10-01,5033.333333333333,12240691.66666667,Composite,547300
2017-11-01,5033.333333333333,12240691.66666667,Composite,549000
2017-12-01,5033.333333333333,12240691.66666667,Composite,549900
2018-01-01,5047.5,12267193.0,Composite,548600
2018-02-01,5047.5,12267193.0,Composite,545900
2018-03-01,5047.5,12267193.0,Composite,543900
2018-04-01,5047.5,12301223.66666667,Composite,542100
2018-05-01,5047.5,12301223.66666667,Composite,541300
2018-06-01,5047.5,12301223.66666667,Composite,540900
2018-07-01,5047.5,12357540.0,Composite,540700
2018-08-01,5047.5,12357540.0,Composite,540100
2018-09-01,5047.5,12357540.0,Composite,539000
2018-10-01,5047.5,12419828.33333333,Composite,538400
2018-11-01,5047.5,12419828.33333333,Composite,535100
2018-12-01,5047.5,12419828.33333333,Composite,532400
2019-01-01,5063.333333333333,12445652.0,Composite,526500
2019-02-01,5063.333333333333,12445652.0,Composite,520300
2019-03-01,5063.333333333333,12445652.0,Composite,516800
2019-04-01,5063.333333333333,12479081.0,Composite,516700
2019-05-01,5063.333333333333,12479081.0,Composite,517600
2019-06-01,5063.333333333333,12479081.0,Composite,519900
2019-07-01,5063.333333333333,12539498.33333333,Composite,522800
2019-08-01,5063.333333333333,12539498.33333333,Composite,525100
2019-09-01,5063.333333333333,12539498.33333333,Composite,528000
2019-10-01,5063.333333333333,12609387.33333333,Composite,530900
2019-11-01,5063.333333333333,12609387.33333333,Composite,533200
2019-12-01,5063.333333333333,12609387.33333333,Composite,535100
2020-01-01,5430.833333333333,12642736.0,Composite,537200
2020-02-01,5430.833333333333,12642736.0,Composite,539400
2020-03-01,5430.833333333333,12642736.0,Composite,539800
2020-04-01,5430.833333333333,12668980.33333333,Composite,532800
2020-05-01,5430.833333333333,12668980.33333333,Composite,537100
2020-06-01,5430.833333333333,12668980.33333333,Composite,546100
2020-07-01,5430.833333333333,12676212.66666667,Composite,559500
2020-08-01,5430.833333333333,12676212.66666667,Composite,572100
2020-09-01,5430.833333333333,12676212.66666667,Composite,581100
2020-10-01,5430.833333333333,12675802.0,Composite,587000
2020-11-01,5430.833333333333,12675802.0,Composite,594900
2020-12-01,5430.833333333333,12675802.0,Composite,604000
2021-01-01,5276.666666666667,12686097.0,Composite,617400
2021-02-01,5276.666666666667,12686097.0,Composite,634500
2021-03-01,5276.666666666667,12686097.0,Composite,652500
2021-04-01,5276.666666666667,12713639.33333333,Composite,664300
2021-05-01,5276.666666666667,12713639.33333333,Composite,674800
2021-06-01,5276.666666666667,12713639.33333333,Composite,684600
2021-07-01,5276.666666666667,12746621.33333333,Composite,692100
2021-08-01,5276.666666666667,12746621.33333333,Composite,702000
2021-09-01,5276.666666666667,12746621.33333333,Composite,717100
2021-10-01,5276.666666666667,12815623.66666667,Composite,738000
2021-11-01,5276.666666666667,12815623.66666667,Composite,757900
2021-12-01,5276.666666666667,12815623.66666667,Composite,776000
2022-01-01,5066.666666666667,12855344.0,Composite,810100
2022-02-01,5066.666666666667,12855344.0,Composite,834700
2022-03-01,5066.666666666667,12855344.0,Composite,834300
2022-04-01,5066.666666666667,12894141.33333333,Composite,819800
2022-05-01,5066.666666666667,12894141.33333333,Composite,804500
2022-06-01,5066.666666666667,12894141.33333333,Composite,783200
2022-07-01,5066.666666666667,12978644.66666667,Composite,765100
2022-08-01,5066.666666666667,12978644.66666667,Composite,749600
2022-09-01,5066.666666666667,12978644.66666667,Composite,739200
2022-10-01,5066.666666666667,13093167.0,Composite,731400
2022-11-01,5066.666666666667,13093167.0,Composite,725100
